file,cumulus(cm2),alto_cumulus(cm2),cirro_cumulus(cm2),breast_area(cm2),denserisk,mammorisk
CCL_S13_425_20130625.dcm,25.720239999999997,17.610319999999998,1.90736,117.38641705496653,0.45615322024808674,0.9682562351226807
